component,layer,purpose,depends_on,requirements,requirements_indirect
__init__,(package),Offline spacecraft harness design tool.,,REQ-M7-04 REQ-OUT-01 REQ-OUT-02 REQ-OUT-03 REQ-OUT-04 REQ-OUT-05 REQ-STD-04 REQ-VER-02,REQ-ATOMIC-01 REQ-CC-01 REQ-CC-02 REQ-CC-03 REQ-CC-04 REQ-CC-05 REQ-CC-06 REQ-CLI-01 REQ-DRC-01 REQ-DRC-02 REQ-DRC-03 REQ-DRC-04 REQ-FUZZ-01 REQ-GEN-01 REQ-GEN-02 REQ-GEN-03 REQ-GUI-01 REQ-GUI-02 REQ-GUI-03 REQ-GUI-04 REQ-GUI-05 REQ-IO-01 REQ-JOURNAL-01 REQ-LIB-02 REQ-LOC-01 REQ-LOCK-01 REQ-M7-01 REQ-M7-03 REQ-MIGRATE-01 REQ-PERF-01 REQ-PERF-02 REQ-PROV-01 REQ-RECOVERY-01 REQ-SCHEMA-01 REQ-STD-01 REQ-STD-02 REQ-STD-03 REQ-STD-05 REQ-VER-01
cli/__init__,cli,Command-line interface to the core.,,,REQ-CC-01 REQ-CC-02 REQ-CC-03 REQ-CC-04 REQ-CC-05 REQ-CC-06 REQ-CLI-01 REQ-DRC-01 REQ-DRC-02 REQ-DRC-03 REQ-GEN-01 REQ-GEN-02 REQ-LIB-02 REQ-M7-03 REQ-MIGRATE-01 REQ-OUT-01 REQ-OUT-02 REQ-OUT-03 REQ-OUT-04 REQ-OUT-05 REQ-PERF-02 REQ-SCHEMA-01 REQ-STD-01 REQ-STD-02 REQ-STD-03 REQ-STD-04 REQ-VER-01 REQ-VER-02
cli/changes,cli,"Change-control commands: review, release, revise, diff, compare, log.",core/__init__ core/commands core/errors core/io/loader core/io/saver core/model/__init__ core/outputs/build core/outputs/verify core/vcs/diff core/vcs/release core/vcs/report,,REQ-CC-01 REQ-CC-02 REQ-CC-03 REQ-CC-04 REQ-CC-05 REQ-CC-06 REQ-CLI-01 REQ-DRC-01 REQ-DRC-02 REQ-DRC-03 REQ-GEN-01 REQ-GEN-02 REQ-LIB-02 REQ-M7-03 REQ-MIGRATE-01 REQ-OUT-01 REQ-OUT-02 REQ-OUT-03 REQ-OUT-04 REQ-OUT-05 REQ-PERF-02 REQ-SCHEMA-01 REQ-STD-01 REQ-STD-02 REQ-STD-03 REQ-STD-04 REQ-VER-01 REQ-VER-02
cli/data,cli,"Commands that bring outside data into a project: config, import-parts, import-lengths.",core/__init__ core/commands core/configcheck core/errors core/generate/lengths core/imports core/io/loader core/io/saver core/kicad core/library_import core/standard_profiles,,REQ-CC-01 REQ-CC-02 REQ-CC-03 REQ-CC-04 REQ-CC-05 REQ-CC-06 REQ-CLI-01 REQ-DRC-01 REQ-DRC-02 REQ-DRC-03 REQ-GEN-01 REQ-GEN-02 REQ-LIB-02 REQ-M7-03 REQ-MIGRATE-01 REQ-OUT-01 REQ-OUT-02 REQ-OUT-03 REQ-OUT-04 REQ-OUT-05 REQ-PERF-02 REQ-SCHEMA-01 REQ-STD-01 REQ-STD-02 REQ-STD-03 REQ-STD-04 REQ-VER-01 REQ-VER-02
cli/main,cli,`harness` command line entry point.,__init__ cli/__init__ cli/changes cli/data cli/start core/checks core/drc/__init__ core/drc/report core/errors core/generate/engine core/io/fs core/io/loader core/io/saver core/issues core/outputs/build core/outputs/verify core/vcs/consistency core/verify,REQ-CC-01 REQ-CC-02 REQ-CC-03 REQ-CC-04 REQ-CC-05 REQ-CC-06 REQ-CLI-01 REQ-DRC-01 REQ-DRC-02 REQ-DRC-03 REQ-GEN-01 REQ-GEN-02 REQ-LIB-02 REQ-M7-03 REQ-MIGRATE-01 REQ-OUT-01 REQ-OUT-02 REQ-OUT-03 REQ-OUT-04 REQ-OUT-05 REQ-PERF-02 REQ-SCHEMA-01 REQ-STD-01 REQ-STD-02 REQ-STD-03 REQ-STD-04 REQ-VER-01 REQ-VER-02,
cli/start,cli,"Commands for getting started: create a project from an example, copy the import templates.",core/__init__ core/schemas core/templates,,REQ-CC-01 REQ-CC-02 REQ-CC-03 REQ-CC-04 REQ-CC-05 REQ-CC-06 REQ-CLI-01 REQ-DRC-01 REQ-DRC-02 REQ-DRC-03 REQ-GEN-01 REQ-GEN-02 REQ-LIB-02 REQ-M7-03 REQ-MIGRATE-01 REQ-OUT-01 REQ-OUT-02 REQ-OUT-03 REQ-OUT-04 REQ-OUT-05 REQ-PERF-02 REQ-SCHEMA-01 REQ-STD-01 REQ-STD-02 REQ-STD-03 REQ-STD-04 REQ-VER-01 REQ-VER-02
core/__init__,core,"Headless core: no GUI, CLI or network imports (enforced by tests/test_architecture.py).",,REQ-CC-01 REQ-CC-02 REQ-CC-03 REQ-CC-04 REQ-CC-05 REQ-CC-06 REQ-CHECK-01 REQ-DRC-01 REQ-DRC-02 REQ-DRC-03 REQ-DRC-04 REQ-EDIT-01 REQ-EDIT-02 REQ-FUZZ-01 REQ-GUI-01 REQ-GUI-03 REQ-GUI-05 REQ-IMPORT-01 REQ-JOURNAL-01 REQ-OUT-01 REQ-OUT-02 REQ-OUT-03 REQ-OUT-04 REQ-OUT-05 REQ-RECOVERY-01 REQ-SCHEMA-01 REQ-STD-01 REQ-STD-02 REQ-STD-03 REQ-STD-04 REQ-STD-05 REQ-TX-01 REQ-VER-02,REQ-CLI-01 REQ-GEN-01 REQ-GEN-02 REQ-GUI-02 REQ-LIB-02 REQ-M7-03 REQ-MIGRATE-01 REQ-PERF-01 REQ-PERF-02 REQ-PROV-01 REQ-VER-01
core/checks,core,Logical-layer findings shown in the Problems panel and the to-do list.,,REQ-CHECK-01 REQ-DRC-01 REQ-DRC-02 REQ-DRC-03 REQ-FUZZ-01 REQ-JOURNAL-01 REQ-RECOVERY-01 REQ-STD-01 REQ-STD-03,REQ-CC-01 REQ-CC-02 REQ-CC-03 REQ-CC-04 REQ-CC-05 REQ-CC-06 REQ-CLI-01 REQ-DRC-04 REQ-GEN-01 REQ-GEN-02 REQ-GUI-01 REQ-GUI-02 REQ-GUI-03 REQ-GUI-05 REQ-LIB-02 REQ-M7-03 REQ-MIGRATE-01 REQ-OUT-01 REQ-OUT-02 REQ-OUT-03 REQ-OUT-04 REQ-OUT-05 REQ-PERF-01 REQ-PERF-02 REQ-PROV-01 REQ-SCHEMA-01 REQ-STD-02 REQ-STD-04 REQ-STD-05 REQ-VER-01 REQ-VER-02
core/commands,core,Transactions with undo/redo. All model changes are lists of operations applied atomically.,,REQ-CC-01 REQ-CC-02 REQ-CC-03 REQ-CC-04 REQ-CC-05 REQ-CC-06 REQ-CHECK-01 REQ-DRC-01 REQ-DRC-02 REQ-DRC-03 REQ-DRC-04 REQ-EDIT-01 REQ-EDIT-02 REQ-GEN-01 REQ-GEN-02 REQ-GEN-03 REQ-GUI-02 REQ-IMPORT-01 REQ-JOURNAL-01 REQ-LIB-02 REQ-OUT-01 REQ-OUT-02 REQ-OUT-03 REQ-OUT-04 REQ-OUT-05 REQ-PERF-02 REQ-STD-01 REQ-STD-03 REQ-STD-04 REQ-STD-05 REQ-TX-01 REQ-VER-01 REQ-VER-02,REQ-CLI-01 REQ-FUZZ-01 REQ-GUI-01 REQ-GUI-03 REQ-GUI-04 REQ-GUI-05 REQ-M7-01 REQ-M7-03 REQ-MIGRATE-01 REQ-PERF-01 REQ-PROV-01 REQ-RECOVERY-01 REQ-SCHEMA-01 REQ-STD-02
core/configcheck,core,Check and fill in the engineering configuration (D-11).,core/__init__ core/issues core/model/__init__ core/model/config core/standard_profiles,REQ-STD-02,REQ-CC-01 REQ-CC-02 REQ-CC-03 REQ-CC-04 REQ-CC-05 REQ-CC-06 REQ-CLI-01 REQ-DRC-01 REQ-DRC-02 REQ-DRC-03 REQ-GEN-01 REQ-GEN-02 REQ-LIB-02 REQ-M7-03 REQ-MIGRATE-01 REQ-OUT-01 REQ-OUT-02 REQ-OUT-03 REQ-OUT-04 REQ-OUT-05 REQ-PERF-02 REQ-SCHEMA-01 REQ-STD-01 REQ-STD-03 REQ-STD-04 REQ-VER-01 REQ-VER-02
core/drc/__init__,core,Design rule check (DRC): `run(project)` returns every finding with waivers applied.,core/checks core/commands core/edit core/generate/engine core/model/__init__ core/verify,REQ-CC-01 REQ-CC-02 REQ-CC-03 REQ-CC-04 REQ-CC-05 REQ-CC-06 REQ-DRC-01 REQ-DRC-02 REQ-DRC-03 REQ-DRC-04 REQ-FUZZ-01 REQ-RECOVERY-01 REQ-STD-01 REQ-STD-03 REQ-STD-04 REQ-STD-05,REQ-CLI-01 REQ-GEN-01 REQ-GEN-02 REQ-LIB-02 REQ-M7-03 REQ-MIGRATE-01 REQ-OUT-01 REQ-OUT-02 REQ-OUT-03 REQ-OUT-04 REQ-OUT-05 REQ-PERF-01 REQ-PERF-02 REQ-PROV-01 REQ-SCHEMA-01 REQ-STD-02 REQ-VER-01 REQ-VER-02
core/drc/base,core,"DRC building blocks: a rule states what is wrong, why it matters and how to fix it; its check",core/checks core/issues core/model/__init__,,
core/drc/report,core,"DRC report: open findings, waived findings with their justifications, and what was not",core/checks core/io/layout core/model/__init__,REQ-DRC-01 REQ-DRC-02 REQ-DRC-03 REQ-STD-01 REQ-STD-03,REQ-CC-01 REQ-CC-02 REQ-CC-03 REQ-CC-04 REQ-CC-05 REQ-CC-06 REQ-CLI-01 REQ-DRC-04 REQ-FUZZ-01 REQ-GEN-01 REQ-GEN-02 REQ-LIB-02 REQ-M7-03 REQ-MIGRATE-01 REQ-OUT-01 REQ-OUT-02 REQ-OUT-03 REQ-OUT-04 REQ-OUT-05 REQ-PERF-01 REQ-PERF-02 REQ-PROV-01 REQ-RECOVERY-01 REQ-SCHEMA-01 REQ-STD-02 REQ-STD-04 REQ-STD-05 REQ-VER-01 REQ-VER-02
core/drc/rules,core,"The design rules. One function per rule, registered in `RULES` (order = report order).",core/configcheck core/generate/lengths core/generate/sizing core/integrity core/model/__init__ core/units core/vcs/consistency,REQ-DRC-01 REQ-DRC-02 REQ-DRC-03 REQ-STD-01 REQ-STD-03,
core/drc/standard_rules,core,Rules that apply requirements of the supplied standards (D-131).,core/generate/sizing core/model/__init__,REQ-STD-03 REQ-STD-04 REQ-STD-05,
core/drc/worker,core,"Child process that runs the design rule check, so the editor's interpreter stays free.",core/__init__ core/drc/__init__ core/model/__init__,,
core/edit,core,Editing operations for the block diagram. Pure functions: they build lists of `Op`s.,,REQ-CC-01 REQ-CC-02 REQ-CC-03 REQ-CC-04 REQ-CC-05 REQ-CC-06 REQ-CHECK-01 REQ-DRC-01 REQ-DRC-02 REQ-DRC-03 REQ-EDIT-01 REQ-EDIT-02 REQ-GUI-01 REQ-GUI-03 REQ-GUI-05 REQ-IMPORT-01 REQ-JOURNAL-01 REQ-OUT-01 REQ-OUT-02 REQ-OUT-03 REQ-OUT-04 REQ-OUT-05 REQ-STD-01 REQ-STD-03 REQ-STD-04 REQ-TX-01 REQ-VER-02,REQ-CLI-01 REQ-DRC-04 REQ-FUZZ-01 REQ-GEN-01 REQ-GEN-02 REQ-GEN-03 REQ-GUI-02 REQ-GUI-04 REQ-LIB-02 REQ-M7-01 REQ-M7-03 REQ-MIGRATE-01 REQ-PERF-01 REQ-PERF-02 REQ-PROV-01 REQ-RECOVERY-01 REQ-SCHEMA-01 REQ-STD-02 REQ-STD-05 REQ-VER-01
core/errors,core,Explicit error types. Messages are plain language and never contain design data values.,,REQ-ATOMIC-01 REQ-CC-01 REQ-CC-02 REQ-CC-03 REQ-CC-04 REQ-CC-05 REQ-CC-06 REQ-EDIT-01 REQ-GUI-01 REQ-GUI-03 REQ-GUI-05 REQ-IO-01 REQ-LOCK-01 REQ-RECOVERY-01 REQ-TX-01,REQ-CLI-01 REQ-DRC-01 REQ-DRC-02 REQ-DRC-03 REQ-DRC-04 REQ-EDIT-02 REQ-FUZZ-01 REQ-GEN-01 REQ-GEN-02 REQ-GEN-03 REQ-GUI-02 REQ-GUI-04 REQ-JOURNAL-01 REQ-LIB-02 REQ-LOC-01 REQ-M7-01 REQ-M7-03 REQ-M7-05 REQ-MIGRATE-01 REQ-OUT-01 REQ-OUT-02 REQ-OUT-03 REQ-OUT-04 REQ-OUT-05 REQ-PERF-01 REQ-PERF-02 REQ-PROV-01 REQ-SCHEMA-01 REQ-STD-01 REQ-STD-02 REQ-STD-03 REQ-STD-04 REQ-STD-05 REQ-VER-01 REQ-VER-02
core/generate/__init__,core,"Harness generation: deterministic, configuration-driven, with provenance for every decision.",,,
core/generate/engine,core,"Generation: logical interfaces in, physical harnesses out, as a plan that can be previewed.",__init__ core/commands core/edit core/errors core/model/__init__ core/vcs/snapshot,REQ-CC-01 REQ-CC-02 REQ-CC-03 REQ-CC-04 REQ-CC-05 REQ-CC-06 REQ-DRC-01 REQ-DRC-02 REQ-DRC-03 REQ-DRC-04 REQ-FUZZ-01 REQ-GEN-01 REQ-GEN-02 REQ-GEN-03 REQ-GUI-04 REQ-M7-01 REQ-OUT-01 REQ-OUT-02 REQ-OUT-03 REQ-OUT-04 REQ-OUT-05 REQ-PERF-02 REQ-PROV-01 REQ-RECOVERY-01 REQ-STD-01 REQ-STD-03 REQ-STD-04 REQ-STD-05 REQ-VER-01 REQ-VER-02,REQ-CLI-01 REQ-GUI-01 REQ-GUI-02 REQ-GUI-03 REQ-GUI-05 REQ-LIB-02 REQ-M7-03 REQ-MIGRATE-01 REQ-PERF-01 REQ-SCHEMA-01 REQ-STD-02
core/generate/explain,core,"Explain data: the recorded reasons behind generated objects (no guessing, only what was logged).",core/model/__init__,,REQ-PERF-01
core/generate/lengths,core,"Wire lengths from routing segments, and CSV import of segment lengths (from CAD exports).",core/commands core/imports core/model/__init__,REQ-GEN-01 REQ-GEN-02 REQ-GEN-03 REQ-PERF-02 REQ-VER-01,REQ-CC-01 REQ-CC-02 REQ-CC-03 REQ-CC-04 REQ-CC-05 REQ-CC-06 REQ-CLI-01 REQ-DRC-01 REQ-DRC-02 REQ-DRC-03 REQ-DRC-04 REQ-LIB-02 REQ-M7-03 REQ-MIGRATE-01 REQ-OUT-01 REQ-OUT-02 REQ-OUT-03 REQ-OUT-04 REQ-OUT-05 REQ-PERF-01 REQ-SCHEMA-01 REQ-STD-01 REQ-STD-02 REQ-STD-03 REQ-STD-04 REQ-VER-02
core/generate/mass,core,"Mass of a harness from library data. Missing data is reported, never replaced by a guess.",core/model/__init__,REQ-GEN-02 REQ-GEN-03,
core/generate/naming,core,Naming schemes from the `naming` configuration. Invalid templates fall back to the defaults.,core/ids core/model/__init__,REQ-GEN-02 REQ-GEN-03,
core/generate/pins,core,Pin allocation for one box connector. Rules (each placement records why it was chosen):,core/model/__init__,REQ-GEN-02 REQ-GEN-03,
core/generate/segmentation,core,Segmentation: which interfaces share a harness. Rules come from the `segmentation` and,core/model/__init__,REQ-GEN-02 REQ-GEN-03,
core/generate/sizing,core,"Wire sizing from current, length and derating. Every number comes from configuration.",core/units,REQ-GEN-02 REQ-GEN-03 REQ-NUM-01 REQ-STD-03 REQ-STD-04 REQ-STD-05,REQ-DRC-01 REQ-DRC-02 REQ-DRC-03 REQ-STD-01
core/generate/wiring,core,Which signal of one end connects to which signal of the other end.,core/model/__init__,REQ-GEN-01 REQ-GEN-02 REQ-PERF-02 REQ-VER-01,
core/ids,core,"Identifier rules. IDs become file names and appear on drawings, so they are conservative.",,,REQ-ATOMIC-01 REQ-CC-01 REQ-CC-02 REQ-CC-03 REQ-CC-04 REQ-CC-05 REQ-CC-06 REQ-CLI-01 REQ-DRC-01 REQ-DRC-02 REQ-DRC-03 REQ-DRC-04 REQ-GEN-01 REQ-GEN-02 REQ-GEN-03 REQ-LIB-02 REQ-LOCK-01 REQ-M7-03 REQ-MIGRATE-01 REQ-OUT-01 REQ-OUT-02 REQ-OUT-03 REQ-OUT-04 REQ-OUT-05 REQ-PERF-01 REQ-PERF-02 REQ-SCHEMA-01 REQ-STD-01 REQ-STD-02 REQ-STD-03 REQ-STD-04 REQ-STD-06 REQ-VER-01 REQ-VER-02
core/imports,core,CSV/XLSX import of interfaces. Plans first: nothing changes until the user confirms.,,REQ-FUZZ-01 REQ-IMPORT-01 REQ-LIB-02 REQ-M7-05 REQ-RECOVERY-01,REQ-CC-01 REQ-CC-02 REQ-CC-03 REQ-CC-04 REQ-CC-05 REQ-CC-06 REQ-CLI-01 REQ-DRC-01 REQ-DRC-02 REQ-DRC-03 REQ-DRC-04 REQ-GEN-01 REQ-GEN-02 REQ-GEN-03 REQ-GUI-01 REQ-GUI-02 REQ-GUI-03 REQ-GUI-05 REQ-M7-03 REQ-MIGRATE-01 REQ-OUT-01 REQ-OUT-02 REQ-OUT-03 REQ-OUT-04 REQ-OUT-05 REQ-PERF-01 REQ-PERF-02 REQ-SCHEMA-01 REQ-STD-01 REQ-STD-02 REQ-STD-03 REQ-STD-04 REQ-VER-01 REQ-VER-02
core/integrity,core,"Referential integrity of a project. Runs on every load, save and transaction.",,REQ-EDIT-01 REQ-FUZZ-01 REQ-INTEGRITY-01 REQ-JOURNAL-01 REQ-RECOVERY-01,REQ-ATOMIC-01 REQ-CC-01 REQ-CC-02 REQ-CC-03 REQ-CC-04 REQ-CC-05 REQ-CC-06 REQ-CLI-01 REQ-DRC-01 REQ-DRC-02 REQ-DRC-03 REQ-DRC-04 REQ-EDIT-02 REQ-GEN-01 REQ-GEN-02 REQ-GUI-01 REQ-GUI-03 REQ-GUI-05 REQ-IO-01 REQ-LIB-02 REQ-LOC-01 REQ-LOCK-01 REQ-M7-03 REQ-M7-05 REQ-MIGRATE-01 REQ-OUT-01 REQ-OUT-02 REQ-OUT-03 REQ-OUT-04 REQ-OUT-05 REQ-PERF-01 REQ-PERF-02 REQ-SCHEMA-01 REQ-STD-01 REQ-STD-02 REQ-STD-03 REQ-STD-04 REQ-VER-01 REQ-VER-02
core/io/__init__,core,"Project folder I/O. Public entry points: `load_project`, `save_project`, `migrate_project`.",,REQ-ATOMIC-01 REQ-LOCK-01,
core/io/canonical,core,"Canonical JSON: the same data always yields the same bytes (sorted keys, fixed layout).",,REQ-FUZZ-01 REQ-RECOVERY-01,
core/io/fs,core,"File-system safety: atomic writes, safe names, long Windows paths, single-instance lock.",core/errors core/ids,REQ-ATOMIC-01 REQ-LOCK-01,REQ-CC-01 REQ-CC-02 REQ-CC-03 REQ-CC-04 REQ-CC-05 REQ-CC-06 REQ-CLI-01 REQ-DRC-01 REQ-DRC-02 REQ-DRC-03 REQ-DRC-04 REQ-GEN-01 REQ-GEN-02 REQ-LIB-02 REQ-M7-03 REQ-MIGRATE-01 REQ-OUT-01 REQ-OUT-02 REQ-OUT-03 REQ-OUT-04 REQ-OUT-05 REQ-PERF-01 REQ-PERF-02 REQ-SCHEMA-01 REQ-STD-01 REQ-STD-02 REQ-STD-03 REQ-STD-04 REQ-VER-01 REQ-VER-02
core/io/layout,core,Mapping between the in-memory project and its folder of small JSON files.,core/model/__init__ core/model/base,REQ-CC-01 REQ-CC-02 REQ-CC-03 REQ-CC-04 REQ-CC-05 REQ-CC-06 REQ-EDIT-01 REQ-FUZZ-01 REQ-GEN-01 REQ-GEN-02 REQ-GUI-01 REQ-GUI-02 REQ-GUI-03 REQ-GUI-05 REQ-IMPORT-01 REQ-IO-01 REQ-JOURNAL-01 REQ-LOCK-01 REQ-OUT-01 REQ-OUT-02 REQ-OUT-03 REQ-OUT-04 REQ-OUT-05 REQ-PERF-02 REQ-RECOVERY-01 REQ-SCHEMA-01 REQ-STD-04 REQ-TX-01 REQ-VER-01 REQ-VER-02,REQ-CLI-01 REQ-DRC-01 REQ-DRC-02 REQ-DRC-03 REQ-DRC-04 REQ-LIB-02 REQ-M7-03 REQ-MIGRATE-01 REQ-PERF-01 REQ-PROV-01 REQ-STD-01 REQ-STD-02 REQ-STD-03 REQ-STD-05
core/io/loader,core,Load a project folder. Never raises on bad content: problems become issues and quarantine.,core/errors core/integrity core/issues core/model/__init__ core/model/base,REQ-ATOMIC-01 REQ-CC-01 REQ-CC-02 REQ-CC-03 REQ-CC-04 REQ-CC-05 REQ-CC-06 REQ-DRC-01 REQ-DRC-02 REQ-DRC-03 REQ-EDIT-02 REQ-FUZZ-01 REQ-GEN-01 REQ-GEN-02 REQ-GUI-01 REQ-GUI-03 REQ-GUI-05 REQ-IO-01 REQ-JOURNAL-01 REQ-LIB-02 REQ-LOC-01 REQ-LOCK-01 REQ-M7-05 REQ-MIGRATE-01 REQ-OUT-01 REQ-OUT-02 REQ-OUT-03 REQ-OUT-04 REQ-OUT-05 REQ-PERF-02 REQ-RECOVERY-01 REQ-STD-01 REQ-STD-02 REQ-STD-03 REQ-STD-04 REQ-VER-01 REQ-VER-02,REQ-CLI-01 REQ-DRC-04 REQ-M7-03 REQ-PERF-01 REQ-SCHEMA-01
core/io/migrate,core,"Schema migrations on the raw JSON tree, one step per version. Lossless: nothing is dropped.",core/model/__init__,REQ-MIGRATE-01,
core/io/saver,core,"Save a project folder. Writes only changed files, atomically, keeping a `.bak` of each.",__init__ core/errors core/integrity core/issues core/model/__init__,REQ-ATOMIC-01 REQ-CC-01 REQ-CC-02 REQ-CC-03 REQ-CC-04 REQ-CC-05 REQ-CC-06 REQ-DRC-01 REQ-DRC-02 REQ-DRC-03 REQ-FUZZ-01 REQ-GEN-01 REQ-GEN-02 REQ-GUI-01 REQ-GUI-03 REQ-GUI-05 REQ-IO-01 REQ-JOURNAL-01 REQ-LOC-01 REQ-LOCK-01 REQ-MIGRATE-01 REQ-OUT-01 REQ-OUT-02 REQ-OUT-03 REQ-OUT-04 REQ-OUT-05 REQ-PERF-02 REQ-RECOVERY-01 REQ-STD-01 REQ-STD-03 REQ-STD-04 REQ-VER-01 REQ-VER-02,REQ-CLI-01 REQ-DRC-04 REQ-LIB-02 REQ-M7-03 REQ-PERF-01 REQ-SCHEMA-01 REQ-STD-02
core/issues,core,"Findings reported by loading, integrity checking and `harness validate`/`check`.",,REQ-EDIT-01 REQ-RECOVERY-01,REQ-ATOMIC-01 REQ-CC-01 REQ-CC-02 REQ-CC-03 REQ-CC-04 REQ-CC-05 REQ-CC-06 REQ-CLI-01 REQ-DRC-01 REQ-DRC-02 REQ-DRC-03 REQ-DRC-04 REQ-EDIT-02 REQ-FUZZ-01 REQ-GEN-01 REQ-GEN-02 REQ-GUI-01 REQ-GUI-02 REQ-GUI-03 REQ-GUI-05 REQ-IO-01 REQ-JOURNAL-01 REQ-LIB-02 REQ-LOC-01 REQ-LOCK-01 REQ-M7-03 REQ-M7-05 REQ-MIGRATE-01 REQ-OUT-01 REQ-OUT-02 REQ-OUT-03 REQ-OUT-04 REQ-OUT-05 REQ-PERF-01 REQ-PERF-02 REQ-SCHEMA-01 REQ-STD-01 REQ-STD-02 REQ-STD-03 REQ-STD-04 REQ-VER-01 REQ-VER-02
core/kicad,core,Read unit connector pinouts from a KiCad netlist (S-expression or XML) and apply them to a unit (D-123).,core/commands core/errors core/ids core/model/__init__,,REQ-CC-01 REQ-CC-02 REQ-CC-03 REQ-CC-04 REQ-CC-05 REQ-CC-06 REQ-CLI-01 REQ-DRC-01 REQ-DRC-02 REQ-DRC-03 REQ-GEN-01 REQ-GEN-02 REQ-LIB-02 REQ-M7-03 REQ-MIGRATE-01 REQ-OUT-01 REQ-OUT-02 REQ-OUT-03 REQ-OUT-04 REQ-OUT-05 REQ-PERF-02 REQ-SCHEMA-01 REQ-STD-01 REQ-STD-02 REQ-STD-03 REQ-STD-04 REQ-VER-01 REQ-VER-02
core/library_import,core,Import an approved-parts list (CSV or XLSX) into the project's parts library (D-12).,core/commands core/ids core/imports core/model/__init__ core/model/library,REQ-LIB-02,REQ-CC-01 REQ-CC-02 REQ-CC-03 REQ-CC-04 REQ-CC-05 REQ-CC-06 REQ-CLI-01 REQ-DRC-01 REQ-DRC-02 REQ-DRC-03 REQ-GEN-01 REQ-GEN-02 REQ-M7-03 REQ-MIGRATE-01 REQ-OUT-01 REQ-OUT-02 REQ-OUT-03 REQ-OUT-04 REQ-OUT-05 REQ-PERF-01 REQ-PERF-02 REQ-SCHEMA-01 REQ-STD-01 REQ-STD-02 REQ-STD-03 REQ-STD-04 REQ-VER-01 REQ-VER-02
core/model/__init__,core,,,REQ-ATOMIC-01 REQ-CC-01 REQ-CC-02 REQ-CC-03 REQ-CC-04 REQ-CC-05 REQ-CC-06 REQ-CFG-01 REQ-CHECK-01 REQ-DRC-01 REQ-DRC-02 REQ-DRC-03 REQ-DRC-04 REQ-EDIT-01 REQ-GEN-01 REQ-GEN-02 REQ-GEN-03 REQ-GUI-01 REQ-GUI-02 REQ-GUI-03 REQ-GUI-05 REQ-INTEGRITY-01 REQ-IO-01 REQ-JOURNAL-01 REQ-LIB-01 REQ-LIB-02 REQ-LOCK-01 REQ-MIGRATE-01 REQ-MODEL-01 REQ-MODEL-02 REQ-OUT-01 REQ-OUT-02 REQ-OUT-03 REQ-OUT-04 REQ-OUT-05 REQ-PERF-02 REQ-PROV-01 REQ-STD-01 REQ-STD-02 REQ-STD-03 REQ-STD-04 REQ-STD-05 REQ-TX-01 REQ-VER-01 REQ-VER-02,REQ-CLI-01 REQ-EDIT-02 REQ-FUZZ-01 REQ-GUI-04 REQ-IMPORT-01 REQ-LOC-01 REQ-M7-01 REQ-M7-03 REQ-M7-05 REQ-PERF-01 REQ-RECOVERY-01 REQ-SCHEMA-01
core/model/base,core,Base class and shared field types for all model objects.,,,REQ-ATOMIC-01 REQ-CC-01 REQ-CC-02 REQ-CC-03 REQ-CC-04 REQ-CC-05 REQ-CC-06 REQ-CLI-01 REQ-DRC-01 REQ-DRC-02 REQ-DRC-03 REQ-DRC-04 REQ-EDIT-01 REQ-EDIT-02 REQ-FUZZ-01 REQ-GEN-01 REQ-GEN-02 REQ-GUI-01 REQ-GUI-02 REQ-GUI-03 REQ-GUI-05 REQ-IMPORT-01 REQ-IO-01 REQ-JOURNAL-01 REQ-LIB-02 REQ-LOC-01 REQ-LOCK-01 REQ-M7-03 REQ-M7-05 REQ-MIGRATE-01 REQ-OUT-01 REQ-OUT-02 REQ-OUT-03 REQ-OUT-04 REQ-OUT-05 REQ-PERF-01 REQ-PERF-02 REQ-PROV-01 REQ-RECOVERY-01 REQ-SCHEMA-01 REQ-STD-01 REQ-STD-02 REQ-STD-03 REQ-STD-04 REQ-STD-05 REQ-TX-01 REQ-VER-01 REQ-VER-02
core/model/config,core,Rule configuration. Standards numbers are never hard-coded; defaults are placeholders.,,REQ-CFG-01 REQ-DRC-01 REQ-DRC-02 REQ-DRC-03 REQ-GEN-02 REQ-GEN-03 REQ-LIB-01 REQ-M7-03 REQ-MODEL-02 REQ-STD-01 REQ-STD-03,REQ-CC-01 REQ-CC-02 REQ-CC-03 REQ-CC-04 REQ-CC-05 REQ-CC-06 REQ-CLI-01 REQ-GEN-01 REQ-LIB-02 REQ-MIGRATE-01 REQ-OUT-01 REQ-OUT-02 REQ-OUT-03 REQ-OUT-04 REQ-OUT-05 REQ-PERF-02 REQ-SCHEMA-01 REQ-STD-02 REQ-STD-04 REQ-VER-01 REQ-VER-02
core/model/generation,core,Record of the last generation: what it was computed from and why each choice was made.,,,
core/model/library,core,"Parts library: real, qualified parts the plans refer to.",core/ids,REQ-STD-06,REQ-CC-01 REQ-CC-02 REQ-CC-03 REQ-CC-04 REQ-CC-05 REQ-CC-06 REQ-CLI-01 REQ-DRC-01 REQ-DRC-02 REQ-DRC-03 REQ-GEN-01 REQ-GEN-02 REQ-LIB-02 REQ-M7-03 REQ-MIGRATE-01 REQ-OUT-01 REQ-OUT-02 REQ-OUT-03 REQ-OUT-04 REQ-OUT-05 REQ-PERF-01 REQ-PERF-02 REQ-SCHEMA-01 REQ-STD-01 REQ-STD-02 REQ-STD-03 REQ-STD-04 REQ-VER-01 REQ-VER-02
core/model/logical,core,"Logical layer: what must be connected, independent of pins and wires.",core/ids,,
core/model/physical,core,"Physical layer: connectors, pins, wires, shields and harnesses.",core/ids,,
core/model/project,core,In-memory project: the single mutable container. Change it only through `commands`.,,,
core/model/review,core,Layout (where things sit in the diagram) and review records (waivers).,core/ids,,REQ-CC-01 REQ-CC-02 REQ-CC-03 REQ-CC-04 REQ-CC-05 REQ-CC-06 REQ-CLI-01 REQ-DRC-01 REQ-DRC-02 REQ-DRC-03 REQ-DRC-04 REQ-GEN-01 REQ-GEN-02 REQ-LIB-02 REQ-M7-03 REQ-MIGRATE-01 REQ-OUT-01 REQ-OUT-02 REQ-OUT-03 REQ-OUT-04 REQ-OUT-05 REQ-PERF-01 REQ-PERF-02 REQ-SCHEMA-01 REQ-STD-01 REQ-STD-02 REQ-STD-03 REQ-STD-04 REQ-VER-01 REQ-VER-02
core/outputs/build,core,"Build, write and check the output set. `build_outputs` is pure: the same model gives the same",core/__init__ core/checks core/drc/__init__ core/drc/report core/errors core/model/__init__ core/vcs/hashing core/vcs/report,REQ-CC-01 REQ-CC-02 REQ-CC-03 REQ-CC-04 REQ-CC-05 REQ-CC-06 REQ-FUZZ-01 REQ-LIB-02 REQ-OUT-01 REQ-OUT-02 REQ-OUT-03 REQ-OUT-04 REQ-OUT-05 REQ-PROV-01 REQ-RECOVERY-01 REQ-STD-03 REQ-STD-04 REQ-STD-05 REQ-VER-02,REQ-CLI-01 REQ-DRC-01 REQ-DRC-02 REQ-DRC-03 REQ-DRC-04 REQ-GEN-01 REQ-GEN-02 REQ-M7-03 REQ-MIGRATE-01 REQ-PERF-01 REQ-PERF-02 REQ-SCHEMA-01 REQ-STD-01 REQ-STD-02 REQ-VER-01
core/outputs/canvas,core,"A tiny deterministic drawing model rendered to SVG and PDF (vector, no dependencies).",,REQ-OUT-01 REQ-OUT-02 REQ-OUT-03 REQ-OUT-04 REQ-OUT-05 REQ-STD-04 REQ-VER-02,REQ-PERF-01
core/outputs/drawing,core,"Harness drawing: for every pair of connectors, one row per wire (pin, signal, wire ID, gauge,",core/generate/lengths core/model/__init__,,REQ-PERF-01
core/outputs/exports,core,"Exports: WireViz-style YAML per harness, a documented JSON file for the whole project, and",core/generate/lengths core/model/__init__,REQ-OUT-01 REQ-OUT-02 REQ-OUT-03 REQ-OUT-04 REQ-OUT-05 REQ-STD-04 REQ-VER-02,
core/outputs/provenance,core,"Provenance of a set of outputs: which tool, which design and which settings made them.",core/model/__init__,,
core/outputs/stamp,core,Every artefact carries the generator version and the model hash it was made from.,__init__ core/io/layout core/model/__init__,REQ-CC-01 REQ-CC-02 REQ-CC-03 REQ-CC-04 REQ-CC-05 REQ-CC-06 REQ-OUT-01 REQ-OUT-02 REQ-OUT-03 REQ-OUT-04 REQ-OUT-05 REQ-STD-04 REQ-VER-02,REQ-PERF-01
core/outputs/system,core,System-level diagrams: the block diagram (interfaces by category) and the harness overview,core/model/__init__,REQ-OUT-01 REQ-OUT-02 REQ-OUT-03 REQ-OUT-04 REQ-OUT-05 REQ-STD-04 REQ-VER-02,
core/outputs/tables,core,"Tables derived from the model: wire list, pinouts, BOM, mass and length, tests, labels,",core/generate/lengths core/generate/mass core/model/__init__,,
core/outputs/verify,core,"Output verifier v2: re-reads the finished artefacts (CSV, SVG, PDF, YAML, JSON, XLSX, manifest)",core/__init__ core/checks core/drc/__init__ core/io/layout core/model/__init__ core/verify,REQ-CC-01 REQ-CC-02 REQ-CC-03 REQ-CC-04 REQ-CC-05 REQ-CC-06 REQ-FUZZ-01 REQ-OUT-01 REQ-OUT-02 REQ-OUT-03 REQ-OUT-04 REQ-OUT-05 REQ-PROV-01 REQ-RECOVERY-01 REQ-STD-03 REQ-STD-04 REQ-STD-05 REQ-VER-02,REQ-CLI-01 REQ-DRC-01 REQ-DRC-02 REQ-DRC-03 REQ-GEN-01 REQ-GEN-02 REQ-LIB-02 REQ-M7-03 REQ-MIGRATE-01 REQ-PERF-02 REQ-SCHEMA-01 REQ-STD-01 REQ-STD-02 REQ-VER-01
core/recovery,core,"Autosave journal: the latest state of an open project, kept inside the project folder.",,REQ-GUI-01 REQ-GUI-03 REQ-GUI-05 REQ-JOURNAL-01,REQ-DRC-04 REQ-PERF-01
core/samples,core,Reference projects. `mini3` is the minimal 3-unit example used by tests and the first-run sample.,,REQ-ATOMIC-01 REQ-CC-01 REQ-CC-02 REQ-CC-03 REQ-CC-04 REQ-CC-05 REQ-CC-06 REQ-CHECK-01 REQ-DRC-01 REQ-DRC-02 REQ-DRC-03 REQ-DRC-04 REQ-EDIT-01 REQ-FUZZ-01 REQ-GEN-01 REQ-GEN-02 REQ-GEN-03 REQ-GUI-01 REQ-GUI-02 REQ-GUI-03 REQ-GUI-04 REQ-GUI-05 REQ-IMPORT-01 REQ-INTEGRITY-01 REQ-IO-01 REQ-JOURNAL-01 REQ-LIB-02 REQ-LOC-01 REQ-LOCK-01 REQ-M7-01 REQ-OUT-01 REQ-OUT-02 REQ-OUT-03 REQ-OUT-04 REQ-OUT-05 REQ-PERF-02 REQ-PROV-01 REQ-RECOVERY-01 REQ-SCHEMA-01 REQ-STD-01 REQ-STD-02 REQ-STD-03 REQ-STD-04 REQ-STD-05 REQ-TX-01 REQ-VER-01 REQ-VER-02,REQ-PERF-01
core/schemas,core,"JSON Schemas of the project files, made from the model itself.",core/model/__init__,REQ-SCHEMA-01,REQ-CC-01 REQ-CC-02 REQ-CC-03 REQ-CC-04 REQ-CC-05 REQ-CC-06 REQ-CLI-01 REQ-DRC-01 REQ-DRC-02 REQ-DRC-03 REQ-GEN-01 REQ-GEN-02 REQ-LIB-02 REQ-M7-03 REQ-MIGRATE-01 REQ-OUT-01 REQ-OUT-02 REQ-OUT-03 REQ-OUT-04 REQ-OUT-05 REQ-PERF-02 REQ-STD-01 REQ-STD-02 REQ-STD-03 REQ-STD-04 REQ-VER-01 REQ-VER-02
core/standard_profiles,core,Optional value profiles taken from the supplied standards (D-131).,core/issues core/model/__init__,REQ-STD-02,REQ-CC-01 REQ-CC-02 REQ-CC-03 REQ-CC-04 REQ-CC-05 REQ-CC-06 REQ-CLI-01 REQ-DRC-01 REQ-DRC-02 REQ-DRC-03 REQ-GEN-01 REQ-GEN-02 REQ-LIB-02 REQ-M7-03 REQ-MIGRATE-01 REQ-OUT-01 REQ-OUT-02 REQ-OUT-03 REQ-OUT-04 REQ-OUT-05 REQ-PERF-02 REQ-SCHEMA-01 REQ-STD-01 REQ-STD-03 REQ-STD-04 REQ-VER-01 REQ-VER-02
core/starter,core,"Starter library and interface types. EXAMPLE data only: no numbers, nothing is qualified.",,REQ-CFG-01 REQ-EDIT-01 REQ-LIB-01,
core/templates,core,Starting points shipped with the tool: example projects and import templates.,core/errors core/io/loader core/io/saver core/model/__init__ resources/__init__,,REQ-CC-01 REQ-CC-02 REQ-CC-03 REQ-CC-04 REQ-CC-05 REQ-CC-06 REQ-CLI-01 REQ-DRC-01 REQ-DRC-02 REQ-DRC-03 REQ-GEN-01 REQ-GEN-02 REQ-LIB-02 REQ-M7-03 REQ-MIGRATE-01 REQ-OUT-01 REQ-OUT-02 REQ-OUT-03 REQ-OUT-04 REQ-OUT-05 REQ-PERF-02 REQ-SCHEMA-01 REQ-STD-01 REQ-STD-02 REQ-STD-03 REQ-STD-04 REQ-VER-01 REQ-VER-02
core/units,core,SI helpers. Wire sizes are AWG with mm² alongside (SPEC hard constraint 7).,,REQ-MODEL-01 REQ-NUM-01,REQ-DRC-01 REQ-DRC-02 REQ-DRC-03 REQ-GEN-02 REQ-GEN-03 REQ-STD-01 REQ-STD-03 REQ-STD-04 REQ-STD-05
core/vcs/consistency,core,Consistency of released harnesses with their baselines (used by the rules and `harness check`).,core/issues core/model/__init__,,REQ-CC-01 REQ-CC-02 REQ-CC-03 REQ-CC-04 REQ-CC-05 REQ-CC-06 REQ-CLI-01 REQ-DRC-01 REQ-DRC-02 REQ-DRC-03 REQ-GEN-01 REQ-GEN-02 REQ-LIB-02 REQ-M7-03 REQ-MIGRATE-01 REQ-OUT-01 REQ-OUT-02 REQ-OUT-03 REQ-OUT-04 REQ-OUT-05 REQ-PERF-02 REQ-SCHEMA-01 REQ-STD-01 REQ-STD-02 REQ-STD-03 REQ-STD-04 REQ-VER-01 REQ-VER-02
core/vcs/diff,core,"Diff engine: compares two snapshots (a baseline, the working design for one harness, or a",core/model/__init__ core/model/base,REQ-CC-01 REQ-CC-02 REQ-CC-03 REQ-CC-04 REQ-CC-05 REQ-CC-06,REQ-CLI-01 REQ-DRC-01 REQ-DRC-02 REQ-DRC-03 REQ-GEN-01 REQ-GEN-02 REQ-GUI-01 REQ-GUI-02 REQ-GUI-03 REQ-GUI-05 REQ-LIB-02 REQ-M7-03 REQ-MIGRATE-01 REQ-OUT-01 REQ-OUT-02 REQ-OUT-03 REQ-OUT-04 REQ-OUT-05 REQ-PERF-02 REQ-SCHEMA-01 REQ-STD-01 REQ-STD-02 REQ-STD-03 REQ-STD-04 REQ-VER-01 REQ-VER-02
core/vcs/hashing,core,Hashes used by change control.,core/__init__ core/commands core/edit core/io/layout core/model/__init__,REQ-CC-01 REQ-CC-02 REQ-CC-03 REQ-CC-04 REQ-CC-05 REQ-CC-06,REQ-CLI-01 REQ-DRC-01 REQ-DRC-02 REQ-DRC-03 REQ-DRC-04 REQ-FUZZ-01 REQ-GEN-01 REQ-GEN-02 REQ-LIB-02 REQ-M7-03 REQ-MIGRATE-01 REQ-OUT-01 REQ-OUT-02 REQ-OUT-03 REQ-OUT-04 REQ-OUT-05 REQ-PERF-01 REQ-PERF-02 REQ-PROV-01 REQ-RECOVERY-01 REQ-SCHEMA-01 REQ-STD-01 REQ-STD-02 REQ-STD-03 REQ-STD-04 REQ-STD-05 REQ-VER-01 REQ-VER-02
core/vcs/locks,core,"Locks on released items. A released harness, the interfaces it carries and the box pins it",core/commands core/errors core/model/__init__,,
core/vcs/release,core,"Review, release and new-revision workflow.",core/__init__ core/commands core/drc/__init__ core/errors core/generate/engine core/generate/lengths core/model/__init__ core/model/review core/outputs/build core/verify,REQ-CC-01 REQ-CC-02 REQ-CC-03 REQ-CC-04 REQ-CC-05 REQ-CC-06,REQ-CLI-01 REQ-DRC-01 REQ-DRC-02 REQ-DRC-03 REQ-DRC-04 REQ-GEN-01 REQ-GEN-02 REQ-LIB-02 REQ-M7-03 REQ-MIGRATE-01 REQ-OUT-01 REQ-OUT-02 REQ-OUT-03 REQ-OUT-04 REQ-OUT-05 REQ-PERF-01 REQ-PERF-02 REQ-SCHEMA-01 REQ-STD-01 REQ-STD-02 REQ-STD-03 REQ-STD-04 REQ-VER-01 REQ-VER-02
core/vcs/report,core,Change log table and the revision report (history plus differences between baselines).,core/model/__init__,REQ-CC-01 REQ-CC-02 REQ-CC-03 REQ-CC-04 REQ-CC-05 REQ-CC-06,REQ-CLI-01 REQ-DRC-01 REQ-DRC-02 REQ-DRC-03 REQ-DRC-04 REQ-FUZZ-01 REQ-GEN-01 REQ-GEN-02 REQ-LIB-02 REQ-M7-03 REQ-MIGRATE-01 REQ-OUT-01 REQ-OUT-02 REQ-OUT-03 REQ-OUT-04 REQ-OUT-05 REQ-PERF-01 REQ-PERF-02 REQ-PROV-01 REQ-RECOVERY-01 REQ-SCHEMA-01 REQ-STD-01 REQ-STD-02 REQ-STD-03 REQ-STD-04 REQ-STD-05 REQ-VER-01 REQ-VER-02
core/vcs/snapshot,core,What a baseline stores: one harness and the design objects it depends on.,core/model/__init__,,REQ-CC-01 REQ-CC-02 REQ-CC-03 REQ-CC-04 REQ-CC-05 REQ-CC-06 REQ-CLI-01 REQ-DRC-01 REQ-DRC-02 REQ-DRC-03 REQ-DRC-04 REQ-FUZZ-01 REQ-GEN-01 REQ-GEN-02 REQ-GEN-03 REQ-GUI-01 REQ-GUI-02 REQ-GUI-03 REQ-GUI-04 REQ-GUI-05 REQ-LIB-02 REQ-M7-01 REQ-M7-03 REQ-MIGRATE-01 REQ-OUT-01 REQ-OUT-02 REQ-OUT-03 REQ-OUT-04 REQ-OUT-05 REQ-PERF-01 REQ-PERF-02 REQ-PROV-01 REQ-RECOVERY-01 REQ-SCHEMA-01 REQ-STD-01 REQ-STD-02 REQ-STD-03 REQ-STD-04 REQ-STD-05 REQ-VER-01 REQ-VER-02
core/verify,core,Independent output verifier. A separate code path from `generate/`: it shares no logic with it.,,REQ-FUZZ-01 REQ-GEN-01 REQ-GEN-02 REQ-GEN-03 REQ-PERF-02 REQ-RECOVERY-01 REQ-STD-03 REQ-STD-04 REQ-STD-05 REQ-VER-01,REQ-CC-01 REQ-CC-02 REQ-CC-03 REQ-CC-04 REQ-CC-05 REQ-CC-06 REQ-CLI-01 REQ-DRC-01 REQ-DRC-02 REQ-DRC-03 REQ-DRC-04 REQ-LIB-02 REQ-M7-03 REQ-MIGRATE-01 REQ-OUT-01 REQ-OUT-02 REQ-OUT-03 REQ-OUT-04 REQ-OUT-05 REQ-PERF-01 REQ-PROV-01 REQ-SCHEMA-01 REQ-STD-01 REQ-STD-02 REQ-VER-02
gui/__init__,gui,PySide6 GUI. Depends on the core; the core never depends on it.,,REQ-M7-01 REQ-M7-03 REQ-PERF-01 REQ-UX-04,REQ-CC-05 REQ-CC-06 REQ-GUI-01 REQ-GUI-02 REQ-GUI-03 REQ-GUI-05
gui/app,gui,GUI entry point.,__init__ gui/main_window gui/theme,,
gui/canvas,gui,"Block-diagram canvas: zone lanes, unit boxes, interface links, minimap.",core/__init__ core/edit gui/__init__ gui/controller gui/strings gui/theme gui/tokens,,
gui/controller,gui,"EditorController: the only object that changes the project. The GUI asks, it executes.",core/__init__ core/checks core/commands core/drc/__init__ core/edit core/errors core/generate/engine core/imports core/io/fs core/io/loader core/io/saver core/model/__init__ core/outputs/build core/recovery core/samples core/vcs/release,REQ-DRC-04,REQ-PERF-01
gui/dialogs,gui,Dialogs. Each is a plain QDialog; the main window decides how to run them (so tests can drive them).,core/__init__ core/checks core/edit core/generate/engine core/imports core/issues core/model/__init__ core/vcs/diff gui/__init__ gui/strings gui/theme,REQ-CC-05 REQ-CC-06 REQ-GUI-01 REQ-GUI-02 REQ-GUI-03 REQ-GUI-05,
gui/drc_process,gui,"Runs the design rule check in a separate, long-lived process.",core/__init__ core/checks core/drc/__init__ core/drc/worker core/model/__init__,,
gui/fonts,gui,"Bundled fonts: IBM Plex Sans and Mono (Carbon's typefaces), loaded from the program itself.",resources/__init__,REQ-UX-04,REQ-CC-05 REQ-CC-06 REQ-GUI-01 REQ-GUI-02 REQ-GUI-03 REQ-GUI-05 REQ-PERF-01
gui/main_window,gui,"Main window: palette (left), diagram (centre), properties (right), problems and tables (bottom).",__init__ core/__init__ core/drc/__init__ core/edit core/errors core/generate/engine core/io/layout core/model/__init__ core/outputs/build core/outputs/verify core/templates core/vcs/release core/vcs/report core/verify gui/__init__ gui/canvas gui/controller gui/dialogs gui/panels gui/strings gui/theme gui/tokens gui/tour resources/__init__,,
gui/panels,gui,"Side and bottom panels: palette, properties, problems, to-do, interface table, harness plans.",core/__init__ core/checks core/drc/__init__ core/edit core/generate/explain core/library_import core/model/__init__ core/verify gui/__init__ gui/controller gui/preview gui/strings gui/theme gui/tokens,REQ-PERF-01,
gui/preview,gui,"Drawing preview: paints the same sheet description that becomes the SVG and PDF, so what you",core/model/__init__ core/outputs/canvas core/outputs/drawing core/outputs/stamp gui/__init__ gui/strings,,REQ-PERF-01
gui/strings,gui,All user-visible UI strings live here so translation is possible later.,,REQ-M7-01 REQ-M7-03,REQ-CC-05 REQ-CC-06 REQ-GUI-01 REQ-GUI-02 REQ-GUI-03 REQ-GUI-05 REQ-PERF-01
gui/theme,gui,"Theme: turns the design tokens into a Qt palette and style sheet (light, dark, UI scale).",gui/__init__ gui/fonts gui/tokens,REQ-UX-04,REQ-CC-05 REQ-CC-06 REQ-GUI-01 REQ-GUI-02 REQ-GUI-03 REQ-GUI-05 REQ-PERF-01
gui/tokens,gui,"Design tokens: the single source for GUI colours, type, spacing. No Qt imports on purpose.",,REQ-UX-01 REQ-UX-04,REQ-CC-05 REQ-CC-06 REQ-GUI-01 REQ-GUI-02 REQ-GUI-03 REQ-GUI-05 REQ-PERF-01
gui/tour,gui,First-run tour: a card beside each highlighted area. Skippable and replayable.,gui/__init__ gui/strings gui/theme,,
resources/__init__,resources,"Bundled resources (the offline user guide, example projects and templates, fonts).",,REQ-UX-04,REQ-CC-01 REQ-CC-02 REQ-CC-03 REQ-CC-04 REQ-CC-05 REQ-CC-06 REQ-CLI-01 REQ-DRC-01 REQ-DRC-02 REQ-DRC-03 REQ-GEN-01 REQ-GEN-02 REQ-GUI-01 REQ-GUI-02 REQ-GUI-03 REQ-GUI-05 REQ-LIB-02 REQ-M7-03 REQ-MIGRATE-01 REQ-OUT-01 REQ-OUT-02 REQ-OUT-03 REQ-OUT-04 REQ-OUT-05 REQ-PERF-01 REQ-PERF-02 REQ-SCHEMA-01 REQ-STD-01 REQ-STD-02 REQ-STD-03 REQ-STD-04 REQ-VER-01 REQ-VER-02
