ID,clause,letter,clause_title,text,type,deleted,harness_relevant,automation,basis,note
ESCC3901-2,2,,APPLICABLE DOCUMENTS,"The following documents form part of, and shall be read in conjunction with, this specification. The relevant issues shall be those in effect on the date of placing the purchase order.",documentation,,N,n/a,proposed,
ESCC3901-2.1,2.1,,ESCC SPECIFICATIONS,"• No. 20100, Requirements for the Qualification of Standard Electronic Components for Space Application. • No. 20500, External Visual Inspection. • No. 20600, Preservation, Packaging and Despatch of ESCC Electronic Components. • No. 21300, Terms, Definitions, Abbreviations, Symbols and Units. • No. 21700, General Requirements for the Marking of ESCC Components. • No. 22800, ESCC Non-conformance Control System. • No. 24600, Minimum Quality System Requirements. With the exception of ESCC Basic Specifications Nos. 20100, 21700, 22800 and 24600, where Manufacturers' specifications are equivalent …",documentation,,N,n/a,proposed,
ESCC3901-2.3,2.3,,ORDER OF PRECEDENCE,"For the purpose of interpretation and in case of conflict with regard to documentation, the following order of precedence shall apply: (a) ESCC Detail Specification. (b) ESCC Generic Specification. (c) ESCC Basic Specification. (d) Other documents, if referenced herein.",documentation,,N,n/a,proposed,
ESCC3901-3,3,,"TERMS, DEFINITIONS, ABBREVIATIONS, SYMBOLS AND UNITS","The terms, definitions, abbreviations, symbols and units specified in ESCC Basic Specification No. 21300 shall apply. Furthermore, the following terms and definitions shall apply: • “Finished Wire”: A single insulated conductor. • ""Cable"": Any construction other than that of a finished wire(s) with or without shielding or with or without an outer jacket. • ""Core"": Any finished wire in a cable. N.B. The term ""single core cable"", unshielded and non-jacketed may be used instead of the term ""finished wire"". In this specification, the term ""component"" is used instead of ""finished wire"" and/or ""cab…",process,,N,n/a,reviewed,"manufacturing, inspection or qualification test of the cable; evidence belongs to the manufacturer, the tool only references the part"
ESCC3901-4.1,4.1,,GENERAL,"The test requirements for qualification approval of a component shall comprise final production tests (see Chart II), and qualification testing (see Chart IV). The test requirements for procurement of components shall comprise final production tests (Chart II), together with, when applicable, a level of lot acceptance testing (see Chart V) to be specified by the Orderer. If a Manufacturer elects to eliminate a final production test by substituting an in-process control or statistical process control procedure, the Manufacturer is still responsible for delivering components that meet all of th…",documentation,,N,n/a,proposed,
ESCC3901-4.1.1,4.1.1,,Specifications,"For qualification approval, procurement (including lot acceptance testing) and delivery of components in conformity with this specification, the specifications listed in Section 2 of this document shall apply in total unless otherwise specified herein or in the Detail Specification.",design-rule,,N,n/a,proposed,
ESCC3901-4.1.2,4.1.2,,Conditions and Methods of Test,"The conditions and methods of test shall be in accordance with this specification, the ESCC Basic Specifications referenced herein and the Detail Specification.",process,,N,n/a,proposed,
ESCC3901-4.1.3,4.1.3,,Manufacturer's Responsibility for Performance of Tests and Inspections,"The Manufacturer shall be responsible for the performance of tests and inspections required by the applicable specifications. These tests and inspections shall be performed at the plant of the Manufacturer of the components unless it is agreed by the ESCC Executive prior to commencing qualification testing, or procurement, to use an approved external facility.",design-rule,,N,n/a,proposed,
ESCC3901-4.2,4.2,,QUALIFICATION APPROVAL REQUIREMENTS ON A MANUFACTURER,"To obtain and maintain the qualification approval of a component, or family of components, a Manufacturer shall satisfy the requirements of ESCC Basic Specification No. 20100.",design-rule,,N,n/a,proposed,
ESCC3901-4.3,4.3,,DELIVERABLE COMPONENTS,"Components delivered to this specification shall be processed and inspected in accordance with the relevant Process Identification Document (PID). Each delivered component shall be traceable to its production lot. Components delivered to this specification shall have completed satisfactorily all tests to the testing level and lot acceptance level specified in the purchase order (see Para. 4.3.2). ESCC qualified components delivered to this specification shall be produced from lots that are capable of passing all tests, and sequences of tests, that are defined in Charts IV and V. The Manufactu…",documentation,,N,n/a,proposed,
ESCC3901-4.3.1,4.3.1,,Lot Failure,"Lot failure may occur during final production tests (Chart II), qualification testing (Chart IV) or lot acceptance testing (Chart V). Should such failure occur, the non-conformance procedure shall be initiated in accordance with ESCC Basic Specification No. 22800. Should such failure occur during procurement, the Manufacturer shall notify the Orderer by telex within 2 working days, giving details of the number and mode of failure and the suspected cause. In the case where qualification approval has been granted to the component, he shall, at the same time by the same means, inform the ESCC Ex…",design-rule,,N,n/a,proposed,
ESCC3901-4.3.2,4.3.2,,Testing and Lot Acceptance Levels,"This specification defines 1 level of testing severity which is designated by the letter ""B"" (see Chart I) and 3 levels of lot acceptance testing (see Chart V). The lot acceptance levels are designated 1, 2 and 3 and are comprised of tests as follows: Level 3 (LA3) - None. Level 2 (LA2) - Electrical and Environmental Subgroup. Level 1 (LA1) - Endurance Subgroup plus Electrical and Environmental Subgroup . The required testing level and lot acceptance level shall both be specified in a purchase order.",design-rule,,N,n/a,proposed,
ESCC3901-4.4,4.4,,MARKING,"All components procured and delivered to this specification from a source qualified according to ESCC Basic Specification No. 20100 shall be marked in accordance with ESCC Basic Specification No. 21700. Thus, they shall bear the ESA symbol to signify their conformance to the ESCC qualification approval requirements and full compliance with the requirements of this specification and the Detail Specification. Components procured from sources which are not ESCC qualified, provided that they fully comply with the procurement requirements of this specification and the Detail Specification, may bea…",documentation,,Y,partial,reviewed,component procurement from qualified source: part approval flag in library
ESCC3901-4.5,4.5,,MATERIALS AND FINISHES,All non-metallic materials and finishes that are not within a hermetically sealed enclosure of the components specified herein shall meet the outgassing requirements as outlined in ESA PSS-01-702. All insulation materials of the components specified herein shall meet the flammability requirements outlined in ESA PSS-01-721 and the offgassing requirements outlined in ESA PSS-01-729. Specific requirements for materials and finishes are specified in the Detail Specification.,design-rule,,Y,human,reviewed,materials and finishes: manufacturer evidence
ESCC3901-5.2.1,5.2.1,,Packaging of Individual Wire Strands,"After inspection by Quality Control personnel, individual wire strands shall be stored and shipped on spools that are packaged in sealed transparent plastic bags in accordance with Section 12, items (h) and (i).",process,,N,n/a,reviewed,"manufacturing, inspection or qualification test of the cable; evidence belongs to the manufacturer, the tool only references the part"
ESCC3901-5.2.2,5.2.2,,Processed Strands and Braids,"Partly processed strands and braids, such as those awaiting insulation covering, shall be kept under maximum humidity of 70% as briefly as possible.",design-rule,,N,n/a,reviewed,"manufacturing, inspection or qualification test of the cable; evidence belongs to the manufacturer, the tool only references the part"
ESCC3901-5.3.1,5.3.1,,Insulation Flaws (Spark Test),"After application of primary insulation and prior to application of the jacket and/or shield, 100% of the finished wire shall pass the insulation flaw test without breakdown. The applicable voltage and frequency are specified in Para. 9.6.",process,,N,n/a,reviewed,"manufacturing, inspection or qualification test of the cable; evidence belongs to the manufacturer, the tool only references the part"
ESCC3901-5.3.2,5.3.2,,Microsectioning of Strands,"The silver coating of the copper strands and the strand diameter shall be evaluated by microsectioning, using the following procedure on one sample of each production lot of strands: • As necessary, the samples of single pieces of strands or (untwisted) pieces of stranded conductor or shield shall be electroplated with a coating of not less than 25µm of copper or nickel to protect the edges during subsequent grinding and polishing. • The specimen shall be moulded in a low exotherm casting resin. • The specimen shall be ground and polished transversely to its axis by use of appropriate grindin…",design-rule,,N,n/a,reviewed,"manufacturing, inspection or qualification test of the cable; evidence belongs to the manufacturer, the tool only references the part"
ESCC3901-6.1,6.1,,GENERAL,"Unless otherwise specified in the Detail Specification, all components used for qualification testing and all components for delivery, including those submitted to lot acceptance tests, shall be subjected to tests and inspections in accordance with Chart II. Unless otherwise specified in the Detail Specification, the tests shall be performed in the order shown. Any components that do not meet these requirements shall be removed from the lot and at no future time be re-submitted to the requirements of this specification.",design-rule,,N,n/a,proposed,
ESCC3901-6.3.1,6.3.1,,Parameter Limit Failure,A component shall be counted as a limit failure if one or more parameters exceed the limits shown in Tables 2 and 3 of the Detail Specification.,design-rule,,N,n/a,proposed,
ESCC3901-6.3.2,6.3.2,,Other Failures,A component shall be counted as a failure in any of the following cases: • Catastrophic failure. • Mechanical failure. • Handling failure. • Lost component.,design-rule,,N,n/a,proposed,
ESCC3901-6.4,6.4,,FAILED COMPONENTS,A component shall be considered as a failed component if it exhibits one or more of the failure modes described in Para. 6.3 of this specification.,design-rule,,N,n/a,proposed,
ESCC3901-6.5,6.5,,LOT FAILURE,"In case of lot failure, the Manufacturer shall act in accordance with the requirements specified in Para. 4.3.1 of this specification. For the purpose of this specification, one failure in any of the following tests and inspections shall constitute a lot failure: • Para. 9.1 : External Visual Inspection • Para. 9.3 : Dimension Check • Paras. 9.5, 9.7 and 9.8 : Electrical Measurements • Para. 9.9 : Stripping Capability",process,,N,n/a,proposed,
ESCC3901-6.6,6.6,,DOCUMENTATION,Documentation of final production test data shall be in accordance with the requirements of Para. 10.6 of this specification.,process,,N,n/a,proposed,
ESCC3901-8.1.1,8.1.1,,General,"Qualification testing shall be in accordance with the requirements of Chart IV of this specification. The tests to Chart IV shall be performed on the samples specified in the paragraphs of Section 9, chosen at random from a length of cable which has successfully passed the tests in Chart II for testing level ""B"". These samples constitute the qualification test lot. The applicable test requirements are detailed in the paragraphs referenced in Chart IV. The conditions governing qualification testing are given in ESCC Basic Specification No. 20100, Para. 6.3 and, for the extension or renewal of …",process,,N,n/a,reviewed,"manufacturing, inspection or qualification test of the cable; evidence belongs to the manufacturer, the tool only references the part"
ESCC3901-8.2.1,8.2.1,,General,"The sample sizes of the 3 lot acceptance levels are specified in Chart V. All components assigned to a subgroup shall be subjected to all of the tests of that subgroup in the sequence shown. The tests to Chart V shall be performed on the specified sample which shall have been chosen, whenever possible, at random from the proposed delivery lot. The applicable test requirements are detailed in the paragraphs referenced in Chart V. As a minimum for procurement of non-qualified components, lot acceptance level 3 tests shall apply. For procurement of qualified components, lot acceptance testing sh…",design-rule,,N,n/a,proposed,
ESCC3901-8.2.2,8.2.2,,Distribution within the Sample for Lot Acceptance Testing,"Where a Detail Specification covers a range or series of components that are considered similar, then it may be necessary that the sample for lot acceptance testing be comprised of component types so selected that they adequately represent all of the various mechanical, structural and electrical peculiarities of the procured range or series. The distribution of the component types will normally vary from procurement to procurement and shall be as specified by the Orderer: (a) In case of manufacture of variants of the same wire size, the lot acceptance tests shall be performed on the most comp…",documentation,,N,n/a,reviewed,"manufacturing, inspection or qualification test of the cable; evidence belongs to the manufacturer, the tool only references the part"
ESCC3901-8.2.4,8.2.4,,Lot Acceptance Level 2 Testing (LA2),Lot acceptance level 2 testing shall comprise tests on an electrical and environmental subgroup. The following shall apply: (a) The tests in this subgroup are considered to be destructive and therefore components of testing level 'B' so tested shall not form part of the delivery lot.,process,,N,n/a,proposed,
ESCC3901-8.2.5,8.2.5,,Lot Acceptance Level 1 Testing (LA1),"Lot acceptance level 1 testing shall comprise the tests for LA2 (electrical and environmental subgroup) plus tests on an endurance subgroup. For the electrical and environmental subgroup, the requirements and conditions for LA2 (see Para. 8.2.4) shall apply. For the endurance subgroup, the following shall apply: (a) The tests in this subgroup are considered to be destructive and therefore components of testing level 'B' so tested shall not form part of the delivery lot.",process,,N,n/a,proposed,
ESCC3901-8.3,8.3,,FAILURE CRITERIA,The following criteria shall apply to qualification testing and to lot acceptance testing.,design-rule,,N,n/a,proposed,
ESCC3901-8.3.1,8.3.1,,Environmental and Mechanical Test Failures,"The following shall be counted as component failures: • Components which fail during tests for which the pass/fail criteria are inherent in the test method, e.g. solderability, resistance to solvents, etc.",process,,N,n/a,proposed,
ESCC3901-8.3.2,8.3.2,,Electrical Failures,"The following shall be counted as component failures: (a) Components which, when subjected to electrical measurements, in accordance with Table 2 of the Detail Specification, fail one or more of the applicable limits.",design-rule,,N,n/a,proposed,
ESCC3901-8.4,8.4,,FAILED COMPONENTS,"A component shall be considered as failed if it exhibits one or more of the failure modes detailed in Para. 8.3 of this specification. The allowable number of failed components per subgroup, the aggregate failure constraints and the permitted distribution of such failures are shown at the foot of Charts IV and V of this specification. When requested by the ESCC Executive or the Orderer, failure analysis of failed components shall be performed by the Manufacturer and the results provided. Failed components from successful lots shall be marked as such and be stored at the Manufacturer's plant f…",documentation,,N,n/a,proposed,
ESCC3901-8.5,8.5,,LOT FAILURE,"A lot shall be considered as failed if the allowable number of failures according to Chart IV or V of this specification, as relevant, has been exceeded. In the case of lot failure, the Manufacturer shall act in accordance with Para. 4.3.1 of this specification.",design-rule,,N,n/a,proposed,
ESCC3901-8.6,8.6,,DOCUMENTATION,"For qualification testing, the qualification test data shall be documented in accordance with the requirements of Para. 10.8 of this specification. In the case of lot acceptance testing, the data shall be documented in accordance with the requirements of Para. 10.9 of this specification. CHART II - FINAL PRODUCTION TESTS Production and Controls in accordance with Section 5 of this Specification Para. 9.1 External Visual Inspection Para. 9.2 Weight Para. 9.3 Dimensions Para. 9.4 Coating Tests Para. 9.5 Conductor Resistance Para. 9.6 Spark Test Para. 9.7 Voltage Test Para. 9.8 Insulation Resist…",documentation,,N,n/a,reviewed,"manufacturing, inspection or qualification test of the cable; evidence belongs to the manufacturer, the tool only references the part"
ESCC3901-9,9,,TEST METHODS AND PROCEDURES,"The test methods, conditions and procedures are specified in the following paragraphs. Whenever sampling is specified at the start and upon completion of lot production, it shall be understood that this means: • For finished wires, the first and last sealed lengths that were marked during production, and • For cables, the first and last assembled lengths that were marked during production. If a Manufacturer elects to eliminate or modify a test method or procedure, the Manufacturer is still responsible for delivering components that meet all of the performance, quality and reliability requirem…",documentation,,N,n/a,reviewed,"manufacturing, inspection or qualification test of the cable; evidence belongs to the manufacturer, the tool only references the part"
ESCC3901-9.1,9.1,,EXTERNAL VISUAL INSPECTION,Visual inspection shall be performed according to ESCC Basic Specification No. 20500 of the whole cable length.,process,,N,n/a,reviewed,"manufacturing, inspection or qualification test of the cable; evidence belongs to the manufacturer, the tool only references the part"
ESCC3901-9.2,9.2,,WEIGHT,The length and weight of a specimen of at least 3 metres long shall be accurately measured and the resultant measurements converted into kilogrammes per 1000 metres. The result shall be in accordance with the value specified in the Detail Specification.,design-rule,,N,n/a,proposed,
ESCC3901-9.3,9.3,,DIMENSIONS,"The dimensions and detail construction of the conductor, primary insulation, shield and jacket shall be checked against the values specified in the Detail Specification. 2 Samples with a length of 10cm shall be taken: one at the beginning and the other at the end of lot production. The finished wire insulation and the single cable jacket shall be formed concentrically around the conductor. The concentricity shall not be less than 70% when measured in accordance with the Detail Specification.",design-rule,,N,n/a,reviewed,"manufacturing, inspection or qualification test of the cable; evidence belongs to the manufacturer, the tool only references the part"
ESCC3901-9.4.1,9.4.1,,Silver-coated Wires,"(a) Continuity (ASTM B 298-74) 3 specimens shall be taken of strands, not less than 15cm, from a conductor previously straightened by hand. Degrease the specimens for 3 minutes in a solution consisting of alcohol and ether in equal proportions; then wipe them with a clean dry cloth after rinsing in distilled water. Specimens cleaned in this way shall not subsequently be touched by hand. Immerse the specimens for 30 seconds in a solution of sodium polysulphide of a specific gravity of 1.142 at +20°C, wash them carefully in water. Then immerse the specimens for 15 seconds in a hydrochloric acid…",design-rule,,N,n/a,reviewed,"manufacturing, inspection or qualification test of the cable; evidence belongs to the manufacturer, the tool only references the part"
ESCC3901-9.4.2,9.4.2,,Other Coatings,Other coatings shall be covered by the Detail Specification.,design-rule,,N,n/a,proposed,
ESCC3901-9.5,9.5,,CONDUCTOR RESISTANCE,"The DC resistance of the conductor shall be checked by any suitable equipment giving an accuracy of at least 1%. This measurement shall be performed on: (a) A sample with a length of 1 metre. (b) The whole length (see Note). The results shall be in accordance with the values specified in the Detail Specification. If the room temperature is not +20°C, the measured value Rθ of the ohmic resistance shall be related to +20°C by application of the formula: Rθ R 20 = 1+ α(θ−20) where α = 0.00393 for copper or the value specified in the Detail Specification for copper alloy. N.B. This measurement is…",design-rule,,N,n/a,reviewed,"manufacturing, inspection or qualification test of the cable; evidence belongs to the manufacturer, the tool only references the part"
ESCC3901-9.6,9.6,,SPARK TEST,100% of any length of finished cable shall pass the spark test without breakdown. The test shall be performed using either the dry test or the dry impulse test.,process,,N,n/a,reviewed,"manufacturing, inspection or qualification test of the cable; evidence belongs to the manufacturer, the tool only references the part"
ESCC3901-9.6.1,9.6.1,,Dry Test,An rms voltage of 3.0kV for the insulation and 1.5kV for the jacket shall be applied. The electrode shall consist of a set of small chains or suitable metal probes forming close contact with practically the entire surface of the cable. The length of the electrode and the speed of the cable shall be such that the insulation is subjected to the voltage test for not less than 0.02 seconds. The frequency of the applied voltage shall be 50Hz.,process,,N,n/a,reviewed,"manufacturing, inspection or qualification test of the cable; evidence belongs to the manufacturer, the tool only references the part"
ESCC3901-9.6.2,9.6.2,,Dry Impulse Test,"The form of signal shall be negative pulse with a peak value of 5kV minimum for the insulation and 2.5kV minimum for the jacket, followed by a damped oscillation. The rise of the negative pulse of the signal between 0% and 90% of the peak voltage shall not be greater than 75µs. The peak value of the first positive overshoot of the signal and each of the damped oscillations which flow from it, shall be less than the initial negative pulse. The time during which each pulse and its damped oscillation, both positive and negative, remain at a voltage equal to 80% or higher than the peak voltage sh…",design-rule,,N,n/a,reviewed,"manufacturing, inspection or qualification test of the cable; evidence belongs to the manufacturer, the tool only references the part"
ESCC3901-9.7,9.7,,VOLTAGE TEST,"This test shall be performed with alternating voltage (50Hz) on: (a) A Sample A length of at least 5 metres of finished cable shall be tested after immersion for 1 hour in a 5% aqueous solution of sodium chloride or in water containing 0.5% of wetting agent. The voltage shall be applied for 1 minute: • For finished wires, between water and conductor at 2.5kVrms. • For cables, with or without a jacket, successively between conductors and between water and joined conductors, at 2.5kVrms. • For shielded and jacketed cables, successively: o Between each conductor and all other conductors connecte…",process,,N,n/a,reviewed,"manufacturing, inspection or qualification test of the cable; evidence belongs to the manufacturer, the tool only references the part"
ESCC3901-9.8,9.8,,INSULATION RESISTANCE,"This test shall be performed on: (a) A length of at least 5 metres of finished cable which has first been submitted to condition (a) of the voltage test specified in Para. 9.7. The insulation resistance shall be measured after 1 minute of electrification at a voltage of 500Vdc. The insulation resistance shall not be less than the value specified in the Detail Specification. (b) The Whole Length • For cables, with or without a jacket, between conductors. • For shielded and jacketed cables, between each conductor and all other conductors connected with the shield. The insulation resistance shal…",process,,N,n/a,reviewed,"manufacturing, inspection or qualification test of the cable; evidence belongs to the manufacturer, the tool only references the part"
ESCC3901-9.9,9.9,,STRIPPING CAPABILITY,"Neither the insulation on the conductor nor the jacket on shielded or unshielded cables shall be loose (2 samples). It shall be possible to strip the insulation and the jacket of the shielded cables without difficulty when using stripping tools fitted to the particular cable construction defined in the Detail Specification. The jacket of the unshielded cables shall be easily removed by unwrapping and tearing off the polyimide tape. For insulated wires and cables, the stripping capability shall be checked by the following procedure: • Make an annular incision in the insulation or jacket with a…",design-rule,,N,n/a,reviewed,"manufacturing, inspection or qualification test of the cable; evidence belongs to the manufacturer, the tool only references the part"
ESCC3901-9.10,9.10,,ANTHONY AND BROWN TEST (ONLY APPLICABLE TO SILVER-PLATED WIRES),This test shall be performed in accordance with ESA PSS-01-720 on a sample as specified therein. Acceptance Criteria: • Codes 0 to 3: Accept. • Codes 4 to 5: Reject. Failure of this test entails failure of the complete qualification or lot acceptance.,process,,N,n/a,reviewed,"manufacturing, inspection or qualification test of the cable; evidence belongs to the manufacturer, the tool only references the part"
ESCC3901-9.11,9.11,,MECHANICAL PROPERTIES OF CONDUCTOR (FED-STD-228-3211),"This test shall be performed on 2 groups of 3 samples with a length of 30cm: one group shall originate from the start, the other from the end of lot production. The tensile characteristics of the conductor shall be measured using a tensile tester of sufficient adequacy to measure elongation and pull strength within 1%. The tensile rate shall be 250mm per minute and the length of the specimen between grips shall be 250 ±5mm. The elongation shall be recorded at the breaking of the first strand. This test shall be performed on the whole conductor, including size AWG 18, and, in the case of size …",documentation,,N,n/a,reviewed,"manufacturing, inspection or qualification test of the cable; evidence belongs to the manufacturer, the tool only references the part"
ESCC3901-9.12.1,9.12.1,,Finished Wires,25mm of insulation shall be removed from each end of a sample of finished wire with a length of 50cm. The central portion of this specimen shall then be bent at least half-way around a cylindrical mandrel with a diameter as specified in Table A of the Detail Specification. The ends of the conductor shall each be loaded with the weights specified in Table A. This specimen so prepared on the mandrel shall be placed in a gravity-convected air oven and remain there for a period of 120 hours at the constant temperature specified in the Detail Specification. On completion of the conditioning period…,documentation,,N,n/a,reviewed,"manufacturing, inspection or qualification test of the cable; evidence belongs to the manufacturer, the tool only references the part"
ESCC3901-9.12.2,9.12.2,,Shielded and Jacketed Cables,"Shielded and jacketed cables shall be aged in accordance with the procedure defined in Para. 9.12.1 except that, instead of being bent around a mandrel, shielded and jacketed cables shall be aged as free coils.",design-rule,,N,n/a,reviewed,"manufacturing, inspection or qualification test of the cable; evidence belongs to the manufacturer, the tool only references the part"
ESCC3901-9.13,9.13,,WRAP TEST AT AMBIENT TEMPERATURE,"At a temperature of +22 ±3°C, one end of the specimen shall be secured to the mandrel and the other end to the load weight as specified in Table A (for finished wires) and in Table B (for jacketed cables) of the Detail Specification. The mandrel shall be rotated until the length of the specimen is wrapped around the mandrel under the specified tension and with its adjoining coils in contact. The mandrel shall then be rotated in reverse direction until the length of the cable which was outside during the first wrapping is next to the mandrel. This procedure shall be repeated until 2 bends in e…",design-rule,,N,n/a,reviewed,"manufacturing, inspection or qualification test of the cable; evidence belongs to the manufacturer, the tool only references the part"
ESCC3901-9.14,9.14,,VOLTAGE TEST,This test shall be performed as specified in Para. 9.7 for condition (a).,process,,N,n/a,proposed,
ESCC3901-9.15,9.15,,SHRINKAGE,"A 30cm specimen of the finished wire or core shall be cut such that insulation and conductor are flush at both ends. The specimen shall then be aged at the temperature specified in the Detail Specification for 6 hours in a gravity-convected air oven. On completion of this period, the specimen shall be removed from the oven and allowed to return to room temperature. Shrinkage of the insulation shall be measured by the amount the conductor protrudes beyond any part of the insulation. The shrinkage shall not exceed 2mm at either end. Any detachment of layers along the insulation or at the end sh…",design-rule,,N,n/a,reviewed,"manufacturing, inspection or qualification test of the cable; evidence belongs to the manufacturer, the tool only references the part"
ESCC3901-9.16,9.16,,BLOCKING,"A sample shall be wrapped on a mandrel with a diameter as specified in Table A (for finished wires) and in Table B (for shielded and jacketed cables) of the Detail Specification. It shall be wrapped until 2 layers have been formed, each consisting of 6 to 8 turns per layer. The ends of the sample shall be made firm to prevent unwrapping during the test. The assembly shall be placed in an oven with natural ventilation for a period of 6 hours and at the temperature specified in the Detail Specification. On completion of this period, the assembly shall be removed from the oven and allowed to coo…",process,,N,n/a,reviewed,"manufacturing, inspection or qualification test of the cable; evidence belongs to the manufacturer, the tool only references the part"
ESCC3901-9.17,9.17,,COLD BEND TEST,"One of the ends of a 1 metre sample shall be attached to a horizontal mandrel and the other end loaded in accordance with Table C of the Detail Specification. The assembly shall be placed in a chamber with a temperature of -80 ±2°C and kept at this temperature for 4 hours. The mandrel shall then be rotated at a regular rate until the sample is fully wrapped on the mandrel; the winding rate shall be approximately 2rpm. After winding, the sample shall be removed from the chamber and allowed to warm up to room temperature. It shall then be wiped with a dry cloth and visually examined. The cable …",process,,N,n/a,reviewed,"manufacturing, inspection or qualification test of the cable; evidence belongs to the manufacturer, the tool only references the part"
ESCC3901-9.18,9.18,,CUT-THROUGH RESISTANCE,"This test shall be performed to check the behaviour of the finished wire or core when it comes into contact with metal cutting edges. It shall be performed on 3 samples, each 30cm long, using suitable test equipment. Each sample shall be positioned on the test equipment such that a cutting needle is perpendicular to the cable axis. The needle used shall have a diameter of 0.45mm (size No. 10). The test shall be carried out at Tamb = +23 ±3°C. The needle shall be gradually loaded until contact is made between the needle and the conductor. The needle shall either be loaded at a maximum rate of …",documentation,,N,n/a,reviewed,"manufacturing, inspection or qualification test of the cable; evidence belongs to the manufacturer, the tool only references the part"
ESCC3901-9.19,9.19,,NOTCH RESISTANCE,"The test shall be performed on 3 samples. Using a razor blade, mounted in a test rig, a notch (perpendicular to the wire axis and to a depth as specified in the Detail Specification) shall be made on each specimen. The notched specimens shall then be wrapped on a mandrel (with a diameter equal to 6 times the wire diameter. The notch shall not propagate down to the conductor.",process,,N,n/a,reviewed,"manufacturing, inspection or qualification test of the cable; evidence belongs to the manufacturer, the tool only references the part"
ESCC3901-9.21,9.21,,RESISTANCE TO FLUIDS,"This test shall be performed on one 60cm long specimen per fluid. After having been subjected to the immersion test, the specimen shall show no evidence of cracking and shall withstand the voltage test (see Para. 9.14) without breakdown or flash-over. The increase in the specimen's diameter shall not exceed 5%. Separate specimens of wire with a length of 60cm shall be immersed to within 15cm of their ends in each of the following fluids (a) through (d) for 24 hours at normal room temperature and in propellants (e) through (g) for 30 minutes at normal room temperature: (a) Ethyl alcohol, ACS g…",design-rule,,N,n/a,reviewed,"manufacturing, inspection or qualification test of the cable; evidence belongs to the manufacturer, the tool only references the part"
ESCC3901-9.22,9.22,,SURFACE RESISTANCE (FED-STD-228-6041),"Specimens shall consist of 15cm lengths of finished wire or core provided with two 4.2mm ring-type foil electrodes or, for small wires, several turns of fine tin-coated copper wire, spaced 25mm apart between nearest edges nearest the centre of the specimen length, wrapped snugly around the axis of the specimen and bound with take-off leads for electrical testing of the surface between the electrodes. After conditioning the specimens prepared as above for 96 hours at a relative humidity of 95 ±5% and at a temperature of +22 ±3°C, the resistance between the electrodes shall be measured with a D…",documentation,,N,n/a,reviewed,"manufacturing, inspection or qualification test of the cable; evidence belongs to the manufacturer, the tool only references the part"
ESCC3901-9.23,9.23,,ABRASION RESISTANCE,One 50cm long sample shall be used for this test. The equipment shall be in accordance with the details given in Figure I and so designed that the surface of the insulation is worn in parallel with the wire axis over a length of not less than 10mm at a rate of 50 to 60 cycles per minute. The test system shall be fitted with a counter and an automatic cut-out to detect contact between the abrading needle and conductor. The weight applied to the needle shall be as given in the Detail Specification. The needle used shall have a diameter of 0.45mm (size No. 10). 4 tests shall be made on each spec…,documentation,,N,n/a,reviewed,"manufacturing, inspection or qualification test of the cable; evidence belongs to the manufacturer, the tool only references the part"
ESCC3901-9.24,9.24,,SOLDERING SHRINKAGE,"A specimen of finished wire or core of 152mm in length shall be prepared for test by removing 12.7mm of insulation at one end. At a point 12.7mm from the stripped end of the wire, the specimen shall be given a 90° bend over a mandrel of its own diameter. This end shall then be immersed for 5 seconds to within 3.1mm of the insulation in a pot of molten 60-40 (tin-lead) solder which is maintained at a temperature of +320 ±10°C. The distance over which the primary insulation has shrunk back along the conductor shall then be measured and it shall not exceed 1.5mm.",process,,N,n/a,reviewed,"manufacturing, inspection or qualification test of the cable; evidence belongs to the manufacturer, the tool only references the part"
ESCC3901-9.25,9.25,,SOLDERABILITY,"This test shall be performed according to IEC 68-2-20, Test Ta, Method 1, except that the ageing condition shall be deleted. The test specimen shall have a length of 15cm and be stripped of insulation over a length of 5.0cm from the end to be tested.",process,,N,n/a,reviewed,"manufacturing, inspection or qualification test of the cable; evidence belongs to the manufacturer, the tool only references the part"
ESCC3901-9.26,9.26,,RADIATION RESISTANCE,"A specimen of 1.0m in length shall be subjected to a radiation dosage of 1.0Mrad. The radiation rate shall not exceed 0.1Mrad per minute. After having been irradiated, the specimen shall not show any cracks and withstand the voltage test (see Para. 9.14).",process,,N,n/a,proposed,
ESCC3901-9.27.1,9.27.1,,Object of Test,This test shall demonstrate that there will be: (a) No emission of smoke at a current overload producing a conductor temperature of +250°C. (b) No burning or insulation damage at a current overload producing a conductor temperature of +400°C.,process,,N,n/a,reviewed,"manufacturing, inspection or qualification test of the cable; evidence belongs to the manufacturer, the tool only references the part"
ESCC3901-9.27.2,9.27.2,,Test Procedure,"The test shall be performed on a 1.0m long sample at +22 ±3°C in a chamber which shields the sample from draughts. Air extraction may be provided via a small diameter pipe, but shall not be started before the end of the test. A background with horizontal black and white stripes, or some other means of smoke detection, shall be used. Each sample shall be arranged such that the central portion (approximately 1/3 of the sample length), marked by the voltage connections, shall be free and horizontal without being supported. One of the ends shall be loaded with a weight to prevent sagging during t…",documentation,,N,n/a,reviewed,"manufacturing, inspection or qualification test of the cable; evidence belongs to the manufacturer, the tool only references the part"
ESCC3901-9.28,9.28,,LONG-TERM AGEING TEST,"This test shall be performed on 10 samples, each 60cm long, in the same manner as the ""accelerated ageing test"" (see Para. 9.12) except for the following conditions: • The duration shall be at least 2000 hours. • The temperature shall be as defined in the Detail Specification.",design-rule,,N,n/a,proposed,
ESCC3901-10.1,10.1,,GENERAL,"For the qualification approval records and with each component delivery, a data documentation package is required. Depending on the testing level and lot acceptance level specified for the component, this package shall be compiled from: (a) Cover sheet (or sheets). (b) List of equipment (testing and measuring). (c) List of test references. (d) Final production test data (Chart II) (but see Para. 10.6). (e) Qualification test data (Chart IV). (f) Lot acceptance test data (Chart V) (when applicable). (g) Failed component list (see Para. 8.4) and failure analysis report (see Para. 8.4). (h) Cert…",documentation,,N,n/a,proposed,
ESCC3901-10.1.2,10.1.2,,Testing Level 'B',"10.1.2.1 Qualified Components For deliveries of qualified components, the following documentation shall be supplied: (a) Cover sheet (if all of the information is not included on the Certificate of Conformity). (b) Certificate of Conformity (including range of delivered spool numbers). (c) Attributes record of measurements, tests and inspections performed in Chart II and Chart V (where applicable). (d) Failed components list. 10.1.2.2 Unqualified Components For deliveries of unqualified components, the documentation to be supplied shall be in accordance with Para. 10.1.2.1 plus the following:…",documentation,,N,n/a,proposed,
ESCC3901-10.1.4,10.1.4,,Data Retention/Data Access,"If not delivered, all data shall be retained by the Manufacturer for a minimum of 5 years during which time it shall be available to the ESCC Executive and the Orderer, if requested, for review. The Manufacturer shall deliver variables Data/Reports to the Orderer if required by the Purchase Order.",design-rule,,N,n/a,proposed,
ESCC3901-10.2,10.2,,COVER SHEET(S),"The cover sheet(s) of the data documentation package shall include as a minimum: (a) Reference to the Detail Specification, including issue and date. (b) Reference to the applicable ESCC Generic Specification, including issue and date. (c) Component type and number. (d) Lot identification. (e) Range of delivered spool numbers. (f) Number of purchase order. (g) Information relative to any additions to this specification and/or the Detail Specification. (h) Manufacturer's name and address. (i) Location of the manufacturing plant. (j) Signature on behalf of Manufacturer. (k) Total number of page…",documentation,,N,n/a,proposed,
ESCC3901-10.3,10.3,,LIST OF EQUIPMENT USED,"A list of equipment used for tests and measurements shall be prepared, if not in accordance with the data given in the Process Identification Document (PID). Where applicable, this list shall contain inventory number, Manufacturer's type number, serial number, etc. This list shall indicate for which tests such equipment was used.",documentation,,N,n/a,proposed,
ESCC3901-10.4,10.4,,LIST OF TEST REFERENCES,This list shall include all Manufacturer's references or codes which are necessary to correlate the test data provided with the applicable tests specified in the tables of the Detail Specification.,documentation,,N,n/a,proposed,
ESCC3901-10.6,10.6,,FINAL PRODUCTION TEST DATA (CHART II),"A test result summary shall be compiled showing the total number of components submitted to, and the total number rejected after, each test, measurement and inspection of Chart II. The final production test data shall form an integral part of the data documentation package, but it is not a mandatory requirement that it be delivered with the qualification lot or delivery lot. However, the data package to be delivered shall contain the information as detailed in Para. 10.1.2 or at least shall contain a list of final production tests actually performed and a certification that the data is availa…",process,,N,n/a,proposed,
ESCC3901-10.8,10.8,,QUALIFICATION TEST DATA (CHART IV),"All data shall be referenced to the relevant serial numbers. Detailed records shall be provided of the components submitted to each test in each of the subgroups and of those rejected. Detailed data shall be provided of all electrical measurements made in accordance with Table 6 of the Detail Specification, as and where applicable.",documentation,,N,n/a,proposed,
ESCC3901-10.9.1,10.9.1,,Testing Level 'B',"All data shall be referenced to the relevant serial numbers. Detailed records shall be provided of the components submitted to each test in each of the subgroups (as relevant to the lot acceptance level) and of those rejected. Detailed data shall be provided of all electrical measurements made in accordance with Table 6 of the Detail Specification, as and where applicable.",documentation,,N,n/a,proposed,
ESCC3901-10.10,10.10,,FAILED COMPONENTS LIST AND FAILURE ANALYSIS REPORT,"The failed component list and failure analysis report shall provide full details of: (a) The reference number and description of the test or measurement performed as defined in this specification and/or the Detail Specification. (b) The spool number (if applicable) of the failed component. (c) The failed parameter and the failure mode of the component. (d) Detailed failure analysis, if requested.",documentation,,N,n/a,proposed,
ESCC3901-10.11,10.11,,CERTIFICATE OF CONFORMITY,A Certificate of Conformity shall be established as defined in ESCC Basic Specification No. 20100.,design-rule,,N,n/a,proposed,
ESCC3901-11,11,,DELIVERY,"For qualification approval, the disposition of the qualification test lot and its related documentation shall be as specified in ESCC Basic Specification No. 20100 and the relevant paragraphs of Section 10 of this specification. For procurement, for each order, the items forming the delivery are: (a) The delivery lot. (b) The components used for lot acceptance testing, (when applicable), but not forming part of the delivery lot (see Paras. 8.2.3, 8.2.4 and 8.2.5). (c) The relevant documentation in accordance with the requirements of Section 10 of this specification. In the case of a component…",documentation,,N,n/a,proposed,
ESCC3901-12,12,,PACKAGING AND DESPATCH,The packaging and despatch of components to this specification shall be in accordance with the requirements of ESCC Basic Specification No. 20600 and the following rules: (a) All finished wires shall be packaged on spools. (b) One spool shall only receive finished wire from a unique lot. (c) All finished wire ends shall be accessible over a length of at least 10cm out from the spool. (d) No more than 3 lengths of wire shall be wound on the same spool; each wire end shall be marked. (e) No spool shall receive more than 400 metres of finished wire; no unit length shall be less than 8 metres. (f…,documentation,,N,n/a,reviewed,"manufacturing, inspection or qualification test of the cable; evidence belongs to the manufacturer, the tool only references the part"
